uid	city	state
0	Abilene	TX
1	Acton	MA
2	Acworth	GA
3	Agoura	CA
4	Akron	OH
5	Alabaster	AL
6	Alamo	ND
7	Albany	GA
8	Albany	NY
9	Albany	OR
10	Albemarle	NC
11	Albuquerque	NM
12	Alexandria	LA
13	Alexandria	VA
14	Algona	IA
15	Alhambra	CA
16	Allen	TX
17	Allentown	PA
18	Almyra	AR
19	Alpharetta	GA
20	Alpine	CA
21	Altamonte Springs	FL
22	Altoona	PA
23	Alva	OK
24	Amarillo	TX
25	Ambler	PA
26	Amherst	MA
27	Anaheim	CA
28	Anchorage	AK
29	Andover	MA
30	Ann Arbor	MI
31	Anniston	AL
32	Antioch	CA
33	Apple Valley	MN
34	Appleton	WI
35	Arkadelphia	AR
36	Arlington Heights	IL
37	Arlington	KY
38	Arlington	TX
39	Arlington	VA
40	Arnold	NE
41	Arrowhead	CA
42	Artesia	CA
43	Arvada	CO
44	Asheville	NC
45	Ashland	MS
46	Assaria	KS
47	Atascadero	CA
48	Athens	GA
49	Athens	OH
50	Athens	TX
51	Atlanta	GA
52	Atlantic City	NJ
53	Auburn	AL
54	Auburn	IN
55	Auburn	WA
56	Augusta	GA
57	Aurora	CO
58	Aurora	IL
59	Aurora	OH
60	Austin	TX
61	Avoca	NE
62	Avon Park	FL
63	Avonmore	PA
64	Azalea	OR
65	Bakersfield	CA
66	Baltimore	MD
67	Bamberg	SC
68	Bandon	OR
69	Barbourville	KY
70	Barnesville	VA
71	Barnwell	SC
72	Barrington	IL
73	Barron	WI
74	Bartlett	IL
75	Bath	ME
76	Baton Rouge	LA
77	Bay City	MI
78	Bay City	TX
79	Bayonne	NJ
80	Beachwood	OH
81	Beatrice	NE
82	Beaufort	NC
83	Beaufort	SC
84	Beaumont	TX
85	Beaver Dam	KY
86	Beaver Falls	PA
87	Beaverton	OR
88	Bedford	KY
89	Bedford	MA
90	Bedford	PA
91	Bedford	RI
92	Beech Island	SC
93	Bel Air	MD
94	Belleville	IL
95	Belleville	NJ
96	Bellevue	WA
97	Bellflower	CA
98	Bellingham	WA
99	Belmont	NY
100	Belmont	WI
101	Beltsville	MD
102	Beltsville	DC
103	Ben Hur	TX
104	Bennett	CO
105	Bensalem	PA
106	Bensenville	IL
107	Benton	MS
108	Berkeley	CA
109	Berlin	WI
110	Berryville	VA
111	Bertha	MN
112	Bessemer City	NC
113	Bettendorf	IA
114	Billings	MT
115	Biloxi	MS
116	Binghamton	NY
117	Birmingham	AL
118	Birmingham	IA
119	Blairsville	GA
120	Blakely	GA
121	Blandinsville	IL
122	Bloomington	IL
123	Bloomsburg	PA
124	Blue Diamond	NV
125	Bluefield	WV
126	Bluffton	SC
127	Boardman	OH
128	Bobtown	PA
129	Boca Raton	FL
130	Bogalusa	MS
131	Bohemia	NY
132	Boise	ID
133	Bolivar	MO
134	Bolivar	PA
135	Boston	MA
136	Bothell	WA
137	Boulder	CO
138	Boulder	MT
139	Bound Brook	NJ
140	Bovina	TX
141	Bowerston	OH
142	Bowling Green	KY
143	Boyden	IA
144	Boynton Beach	FL
145	Braddock	PA
146	Bradford	PA
147	Braintree	MA
148	Branford	CT
149	Branson	MO
150	Brashear	TX
151	Brattleboro	VT
152	Brazoria	TX
153	Breckenridge	MO
154	Brentwood	NY
155	Brentwood	TN
156	Bridgeport	CT
157	Bridgeport	NJ
158	Bridgeview	IL
159	Bridgeville	PA
160	Briggsville	WI
161	Brighton	MI
162	Bristol	IN
163	Bristol	VA
164	Broken Arrow	OK
165	Bronx	NY
166	Brook Park	OH
167	Brookfield	WI
168	Brooklyn	NY
169	Broomfield	CO
170	Browning	MT
171	Browns Mills	NJ
172	Brownsville	TX
173	Brownwood	TX
174	Bruceville	IN
175	Brunswick	ME
176	Bryan	TX
177	Buckley	WA
178	Buena Park	CA
179	Buffalo Grove	IL
180	Buffalo	NY
181	Burbank	CA
182	Burlington	CO
183	Burlington	MA
184	Burlington	NC
185	Burnsville	MN
186	Burr Ridge	IL
187	Burton	MI
188	Butler	PA
189	California	CA
190	Cambridge	MD
191	Cambridge	MA
192	Cambridge	MN
193	Camden	NJ
194	Campobello	SC
195	Campti	LA
196	Canistota	SD
197	Cannon Beach	OR
198	Canton	NC
199	Canton	OK
200	Cape Coral	FL
201	Carbondale	IL
202	Carlisle	PA
203	Carlsbad	CA
204	Carmel	IN
205	Carnegie	PA
206	Carroll	IA
207	Carrollton	TX
208	Carthage	IL
209	Cary	NC
210	Cascade	WI
211	Cedar City	UT
212	Cedar Rapids	IA
213	Celina	OH
214	Centennial	CO
215	Center Barnstead	NH
216	Centerburg	OH
217	Centerville	VA
218	Central Valley	CA
219	Centralia	IL
220	Champaign	IL
221	Champlain	NY
222	Chandler	AZ
223	Chandler	IN
224	Chantilly	VA
225	Charleston	IL
226	Charleston	SC
227	Charleston	WV
228	Charlestown	MA
229	Charlotte	NC
230	Charlotte	SC
231	Charlottesville	VA
232	Chattanooga	GA
233	Chattanooga	TN
234	Chehalis	WA
235	Chelmsford	MA
236	Chesapeake	VA
237	Cheshire	CT
238	Chester	VA
239	Cheyenne	WY
240	Chicago	IL
241	Chicago	IN
242	Chico	CA
243	Chisana	AK
244	Christoval	TX
245	Chuathbaluk	AK
246	Chula Vista	CA
247	Cicero	IN
248	Cincinnati	KY
249	Cincinnati	OH
250	Citrus Heights	CA
251	City Of Commerce	CA
252	Clarksburg	WV
253	Clarksville	TN
254	Clearwater	FL
255	Cleveland	OH
256	Clifton	NJ
257	Clifton	TN
258	Clinton	MI
259	Clinton	NC
260	Clinton	OK
261	Clinton	WI
262	Clovis	CA
263	Clovis	NM
264	Clovis	TX
265	Clute	TX
266	Clyde Park	MT
267	Clyde	OH
268	Cocoa	FL
269	Coeur D Alene	ID
270	Cold Spring	NY
271	Coldwater	MS
272	Coldwater	TX
273	College Park	MD
274	College Station	TX
275	Collingswood	NJ
276	Collinsville	IL
277	Colonial Heights	VA
278	Colonie	NY
279	Colorado Springs	CO
280	Columbia	MD
281	Columbia	MO
282	Columbia	SC
283	Columbus	GA
284	Columbus	IN
285	Columbus	OH
286	Concord	CA
287	Concord	MA
288	Concordia	MO
289	Conroe	TX
290	Conway	AR
291	Copperas Cove	TX
292	Coral Gables	FL
293	Coral Springs	FL
294	Corfu	NY
295	Corona	CA
296	Corona	NM
297	Corpus Christi	TX
298	Cortland	NY
299	Costa Mesa	CA
300	Cotulla	TX
301	Covina	CA
302	Craig	MO
303	Crawford	NE
304	Creede	CO
305	Crescent Lake	WI
306	Crivitz	WI
307	Crooksville	OH
308	Cross City	FL
309	Cross Plains	IN
310	Croton On Hudson	NY
311	Crystal Lake	IL
312	Culbertson	NE
313	Culver City	CA
314	Cunningham	TN
315	Cygnet	OH
316	Cypress Gardens	FL
317	Dade City	FL
318	Dallas	TX
319	Daly City	CA
320	Daniel Island	SC
321	Danville	CA
322	Danville	IL
323	Danville	KY
324	Davenport	IA
325	Davenport	NY
326	Davie	FL
327	Davis	CA
328	Dayton	OH
329	Daytona Beach	FL
330	De Witt	AR
331	Decatur	GA
332	Dedham	MA
333	Defiance	OH
334	Dekalb	IL
335	Del Mar	CA
336	Delavan	WI
337	Delaware	OH
338	Delcambre	LA
339	Denton	TX
340	Denver	CO
341	Derry	PA
342	Des Moines	IA
343	Detroit Lakes	MN
344	Detroit	MI
345	Dewitt	MI
346	Dexter	MO
347	Dickinson	TX
348	Dilley	TX
349	Dodgeville	WI
350	Dothan	AL
351	Downers Grove	IL
352	Downey	CA
353	Drumright	OK
354	Dublin	CA
355	Duluth	GA
356	Duluth	MN
357	Dumont	IA
358	Dunellen	NJ
359	Durant	OK
360	Durham	NC
361	Eagan	MN
362	Eagle Bend	MN
363	Eagle	AK
364	Eagleville	PA
365	East Boston	MA
366	East Grand Forks	MN
367	East Hartford	CT
368	East Lansing	MI
369	East Orange	NJ
370	East Saint Louis	IL
371	East Syracuse	NY
372	Eau Claire	WI
373	Eddy	TX
374	Eden Hazelton	ID
375	Edgeley	ND
376	Edgewood	MD
377	Edinburg	VA
378	Edison	NJ
379	Eitzen	MN
380	Ekalaka	MT
381	El Cajon	CA
382	El Centro	CA
383	El Monte	CA
384	El Paso	TX
385	El Segundo	CA
386	El Toro	CA
387	Elba	NE
388	Elberton	GA
389	Elgin	IL
390	Elizabeth	NJ
391	Elizabethtown	KY
392	Elk Grove Village	IL
393	Elk Grove	CA
394	Elkhart	IL
395	Elkhart	IN
396	Ellwood City	PA
397	Elmhurst	IL
398	Elmsford	NJ
399	Elmsford	NY
400	Elsinore	CA
401	Elwood	IL
402	Elyria	OH
403	Endicott	NY
404	Englewood	CO
405	Enid	OK
406	Epping	NH
407	Escondido	CA
408	Etna	CA
409	Eugene	OR
410	Euless	TX
411	Eureka	SD
412	Eva	OK
413	Evansville	IN
414	Everett	WA
415	Fairdale	ND
416	Fairfax	MO
417	Fairfield	CA
418	Fairfield	CT
419	Fairfield	WA
420	Fairhope	AL
421	Fairport	NY
422	Fairview	OH
423	Fanshawe	OK
424	Fargo	ND
425	Farmers Branch	TX
426	Farmingdale	NY
427	Farmington Hills	MI
428	Farmington	CT
429	Farmington	NH
430	Farragut	IA
431	Fayetteville	NC
432	Fernandina Beach	FL
433	Findlay	OH
434	Fish Lake Valley	NV
435	Floral Park	NY
436	Florence	AL
437	Florence	KY
438	Florence	SC
439	Flushing	NY
440	Fontana	CA
441	Fort Ann	NY
442	Fort Collins	CO
443	Fort Lauderdale	FL
444	Fort Myers	FL
445	Fort Pierce	FL
446	Fort Riley	KS
447	Fort Smith	AR
448	Fort Thomas	KY
449	Fort Walton Beach	FL
450	Fort Washington	PA
451	Fort Wayne	IN
452	Fort Worth	TX
453	Fostoria	OH
454	Fox Lake	IL
455	Framingham	MA
456	Frankfort	IL
457	Frankfort	KY
458	Franklin	LA
459	Franklin	ME
460	Franklin	MA
461	Franklin	TN
462	Franklin	VT
463	Franklinton	LA
464	Frederic	WI
465	Frederick	MD
466	Fredericksburg	VA
467	Freeport	IL
468	Freeport	TX
469	Fremont	CA
470	Fremont	OH
471	French Gulch	CA
472	Fresno	CA
473	Fridley	MN
474	Frisco	TX
475	Ft Lauderdale	FL
476	Fullerton	CA
477	Fulton	NY
478	Gadsden	AL
479	Gainesville	FL
480	Gainesville	GA
481	Galvez	LA
482	Garden City	NY
483	Garden Grove	CA
484	Gardena	CA
485	Garfield Heights	OH
486	Garland	TX
487	Gary	IN
488	Gateway	AR
489	Geary	OK
490	Genesee	WI
491	George	WA
492	Georgetown	DE
493	Georgetown	NY
494	Georgetown	OH
495	Georgetown	TX
496	Germantown	MD
497	Gig Harbor	WA
498	Gilbert	AZ
499	Girard	KS
500	Glasco	KS
501	Glen Cove	NY
502	Glendale	AZ
503	Glendale	CA
504	Glenolden	PA
505	Golden Valley	MN
506	Goldfield	IA
507	Goose Creek	NC
508	Goshen	IN
509	Gothenburg	NE
510	Grafton	MA
511	Grambling	LA
512	Grand Forks	ND
513	Grand Island	NE
514	Grand Prairie	TX
515	Grand Rapids	MI
516	Grand Rapids	OH
517	Greeley	CO
518	Green Bay	WI
519	Greenbelt	MD
520	Greensboro	FL
521	Greensboro	NC
522	Greenview	IL
523	Greenville	NC
524	Greenville	SC
525	Greenwood	MS
526	Greenwood	NY
527	Greenwood	SC
528	Grelton	OH
529	Gresham	OR
530	Gulf Shores	AL
531	Gulfport	MS
532	Gypsum	CO
533	Hackett	AR
534	Hagerstown	MD
535	Haines City	FL
536	Haledon	NJ
537	Hamilton	OH
538	Hammonton	NJ
539	Hampstead	MD
540	Hampton	VA
541	Hanford	CA
542	Hanna	IN
543	Hannibal	MO
544	Hanover	MD
545	Hanover	NH
546	Harlingen	TX
547	Harold	KY
548	Harrington	DE
549	Harrisburg	AR
550	Harrisburg	IL
551	Harrisburg	PA
552	Hartford	CT
553	Hartland	ME
554	Hastings	NE
555	Hastings	PA
556	Haughton	LA
557	Havre	MT
558	Hawthorne	CA
559	Hayden Lake	ID
560	Hayward	CA
561	Helena	MT
562	Helper	UT
563	Hempstead	TX
564	Henderson	KY
565	Henderson	NV
566	Henderson	TX
567	Herbertsville	NJ
568	Herndon	MD
569	Herndon	VA
570	Hialeah	FL
571	Hickory Hills	IL
572	Hickory	NC
573	Hicksville	NY
574	High Point	NC
575	High Ridge	MO
576	Hightstown	NJ
577	Hilliard	FL
578	Hillsboro	KY
579	Hillsboro	OR
580	Hingham	MA
581	Hinsdale	IL
582	Holbrook	NE
583	Holladay	UT
584	Holland	MI
585	Hollywood	CA
586	Hollywood	FL
587	Homeland	CA
588	Homestead	PA
589	Honolulu	HI
590	Hope	ID
591	Hopewell Junction	NY
592	Hornick	IA
593	Houston	TX
594	Hudson	WI
595	Hudsonville	MI
596	Hungry Horse	MT
597	Huntingdon	PA
598	Huntington Beach	CA
599	Huntington	CT
600	Huntington	NY
601	Huntington	WV
602	Huntsville	AL
603	Hutchins	TX
604	Hutchinson	KS
605	Hutchinson	MN
606	Hyattville	WY
607	Hyde Park	MA
608	Idabel	OK
609	Ila	GA
610	Independence	MO
611	Independence	OH
612	Indian Head	MD
613	Indianapolis	IN
614	Ingleside	TX
615	Inglewood	CA
616	Iron Mountain	MI
617	Ironton	OH
618	Irvine	CA
619	Irving	TX
620	Jackson	CA
621	Jackson	MN
622	Jackson	MS
623	Jacksonville	FL
624	Jacksonville	GA
625	Jacksonville	NC
626	Jamesport	MO
627	Jamestown	ND
628	Jekyll Island	GA
629	Jenkintown	PA
630	Jersey City	NJ
631	Jewett	TX
632	Johnson City	TN
633	Johnstown	OH
634	Johnstown	PA
635	Joliet	IL
636	Jonesboro	AR
637	Joplin	MO
638	Jupiter	FL
639	Jurupa Valley	CA
640	Kalamazoo	MI
641	Kansas City	KS
642	Kansas City	MO
643	Katy	TX
644	Kearney	NE
645	Kelly	NC
646	Kenosha	WI
647	Kent	WA
648	Keokuk	IA
649	Kerrville	TX
650	Killeen	TX
651	King City	CA
652	King Of Prussia	PA
653	Kingsport	TN
654	Kingstree	SC
655	Kirksville	MO
656	Kissimmee	FL
657	Klamath Falls	OR
658	Knoxville	MO
659	Knoxville	TN
660	La Crosse	IN
661	La Mesa	CA
662	Laconia	NH
663	Lafayette	IN
664	Lafayette	LA
665	Lagrange	GA
666	Lagrangeville	NY
667	Lake Charles	LA
668	Lake Forest	IL
669	Lake Placid	FL
670	Lake Powell	UT
671	Lake Tomahawk	WI
672	Lakeland	FL
673	Lakeland	GA
674	Lakeside Park	KY
675	Lakeside	MT
676	Lakewood	CO
677	Lakewood	NJ
678	Lancaster	CA
679	Lancaster	PA
680	Lancaster	VT
681	Landover	MD
682	Lane	KS
683	Lansing	MI
684	Laredo	TX
685	Largo	FL
686	Larslan	MT
687	Las Cruces	NM
688	Las Vegas	NV
689	Laurel Springs	NJ
690	Laurel	MD
691	Laurel	VA
692	Laurinburg	NC
693	Lawrence	MA
694	Lawton	OK
695	Le Roy	IA
696	League City	TX
697	Lebo	KS
698	Lee S Summit	MO
699	Leesburg	GA
700	Leesburg	VA
701	Lenexa	KS
702	Lenexa	MO
703	Lenoir	NC
704	Lenore	ID
705	Levittown	NY
706	Lewiston	ID
707	Lewiston	NY
708	Lewisville	TX
709	Lexington	KY
710	Liberal	KS
711	Liberty	NC
712	Lilburn	GA
713	Lincoln	IL
714	Lincoln	NE
715	Lincolnville	PA
716	Linthicum Heights	MD
717	Lisbon	NH
718	Little Compton	RI
719	Little Rock	AR
720	Littleton	CO
721	Live Oak	FL
722	Livonia	MI
723	Lock Haven	PA
724	Lockney	TX
725	Lodi	CA
726	Lodi	NY
727	Lodi	WI
728	Lombard	IL
729	Lometa	TX
730	Lomita	CA
731	Lompoc	CA
732	Londonderry	NH
733	Lone Pine	CA
734	Long Beach	CA
735	Long Island City	NY
736	Long Prairie	MN
737	Longview	TX
738	Longwood	FL
739	Loon Lake	WA
740	Lopez	WA
741	Los Alamos	NM
742	Los Angeles	CA
743	Lostine	OR
744	Loudonville	OH
745	Louisville	KY
746	Lovell	WY
747	Lowell	MA
748	Lubbock	TX
749	Lynchburg	OH
750	Lynchburg	VA
751	Lyndhurst	NJ
752	Macon	GA
753	Maddock	ND
754	Madison	WI
755	Madisonville	KY
756	Magnolia	AR
757	Maitland	FL
758	Malden	MA
759	Mammoth	WY
760	Manawa	WI
761	Manchester	CT
762	Manchester	IL
763	Manchester	MO
764	Manchester	NH
765	Mandarin	FL
766	Manhattan Beach	CA
767	Manhattan	KS
768	Manhattan	NY
769	Mankato	MN
770	Mansfield	OH
771	Maple Heights	OH
772	Maple Shade	NJ
773	Maplewood	MN
774	Marianna	FL
775	Mariaville	NY
776	Marietta	GA
777	Marietta	OH
778	Marion	NC
779	Marked Tree	AR
780	Marlboro	MA
781	Marlton	NJ
782	Marquette	MI
783	Marseilles	IL
784	Martinez	CA
785	Maryland Heights	MO
786	Mascot	TN
787	Mason	OH
788	Matthews	NC
789	Mattoon	IL
790	May	ID
791	Mc Connelsville	OH
792	Mc Lean	MD
793	McAllen	TX
794	Mcallen	TX
795	Mckeesport	PA
796	McKinney	TX
797	Mclean	VA
798	Mcveytown	PA
799	Meacham	OR
800	Meadow	SD
801	Meads	KY
802	Medford	WI
803	Medicine Mound	TX
804	Megargel	TX
805	Mekoryuk	AK
806	Melvin	IL
807	Memphis	MS
808	Memphis	TN
809	Mena	OK
810	Mendenhall	MS
811	Mendon	MI
812	Menlo	KS
813	Meridian	MS
814	Merrillville	IN
815	Mesa	AZ
816	Mesquite	TX
817	Metairie	LA
818	Metigoshe	ND
819	Metropolis	IL
820	Metuchen	NJ
821	Mexico	MO
822	Miami Gardens	FL
823	Miami Springs	FL
824	Miami	FL
825	Michigan City	IN
826	Middleboro	MA
827	Midland	TX
828	Milford	CT
829	Milford	KS
830	Milford	TX
831	Millbrae	CA
832	Milton	PA
833	Milwaukee	WI
834	Mineola	NY
835	Minford	OH
836	Minneapolis	MN
837	Minnetonka	MN
838	Mira Loma	CA
839	Miramar	FL
840	Mishawaka	IN
841	Mission	KS
842	Mission	TX
843	Mobile	AL
844	Modesto	CA
845	Modoc	IN
846	Monroe	GA
847	Monroe	LA
848	Monroe	OH
849	Monsey	NY
850	Monterey	CA
851	Montezuma	IN
852	Montgomery	AL
853	Montgomery	TX
854	Montrose	CA
855	Moorland	IA
856	Moreno Valley	CA
857	Morrisville	NC
858	Moses Lake	WA
859	Moulton	TX
860	Moultrie	GA
861	Moundridge	KS
862	Mount Charleston	NV
863	Mount Juliet	TN
864	Mount Vernon	OH
865	Mount Vernon	SD
866	Mount Vernon	TX
867	Mountain View	CA
868	Mountain Village	AK
869	Mullens	WV
870	Mullins	SC
871	Munnsville	NY
872	Murfreesboro	TN
873	Murray	UT
874	Murrieta	CA
875	Muscatine	IA
876	Muskegon	MI
877	Mutual	OK
878	Myrtle Beach	SC
879	Napavine	WA
880	Naperville	IL
881	Nashville	GA
882	Nashville	TN
883	Natchez	MS
884	Naugatuck	CT
885	Nederland	TX
886	Neodesha	KS
887	New Berlin	WI
888	New Brunswick	NJ
889	New Castle	DE
890	New Castle	IN
891	New Haven	CT
892	New Holstein	WI
893	New London	CT
894	New Milford	CT
895	New Orleans	LA
896	New Paris	IN
897	New Philadelphia	OH
898	New Rome	OH
899	New Ulm	MN
900	New York	NY
901	Newark Valley	NY
902	Newark	DE
903	Newark	NJ
904	Newark	PA
905	Newbury Park	CA
906	Newburyport	MA
907	Newport News	VA
908	Newport	RI
909	Newton	IL
910	Newton	NC
911	Newton	WI
912	Niagara Falls	NY
913	Nine Mile	TN
914	Norcross	GA
915	Norfolk	VA
916	Norman	OK
917	Norristown	DE
918	North Adams	VT
919	North Billerica	MA
920	North Bloomfield	OH
921	North Charleston	SC
922	North Dade	FL
923	North Greenbush	NY
924	North Highlands	CA
925	North Hollywood	CA
926	North Kingstown	RI
927	North Las Vegas	NV
928	North Little Rock	AR
929	North St Paul	MN
930	North Vernon	IN
931	Northampton	PA
932	Northbrook	IL
933	Northglenn	CO
934	Northridge	CA
935	Norwalk	CA
936	Norwich	CT
937	Norwood	OH
938	Oak Creek	WI
939	Oak Grove	MO
940	Oak Harbor	WA
941	Oak Park	IL
942	Oakland	CA
943	Ocala	FL
944	Oceanside	CA
945	Odessa	TX
946	Ogden	UT
947	Okeechobee	FL
948	Okemah	OK
949	Oklahoma City	OK
950	Oklee	MN
951	Olathe	KS
952	Old Fort	OH
953	Olean	NY
954	Olmsted	IL
955	Olympia	WA
956	Omaha	NE
957	Onida	SD
958	Ontario	CA
959	Opa Locka	FL
960	Opelika	AL
961	Orange City	FL
962	Orange Park	FL
963	Orange	CA
964	Orchard Park	NY
965	Oregon	OH
966	Orlando	FL
967	Oroville	CA
968	Osage Beach	MO
969	Osborne	KS
970	Oswego	NY
971	Otsego	MI
972	Overland Park	KS
973	Owatonna	MN
974	Owensboro	KY
975	Owensville	MO
976	Owings Mills	MD
977	Oxford	NC
978	Oxnard	CA
979	Pacific Palisades	CA
980	Pacific	MO
981	Pacoima	CA
982	Paducah	KY
983	Palm Bay	FL
984	Palm Coast	FL
985	Palm Springs	CA
986	Palmdale	CA
987	Palmer	IA
988	Palo Alto	CA
989	Panama	NY
990	Paoli	OK
991	Paoli	PA
992	Park Ridge	IL
993	Parker Dam	CA
994	Parkersburg	WV
995	Parsippany	NJ
996	Parsons	OK
997	Pasadena	CA
998	Pasadena	TX
999	Pascagoula	MS
1000	Passaic	NJ
1001	Pataskala	OH
1002	Patchogue	NY
1003	Paterson	NJ
1004	Patricksburg	IN
1005	Pawhuska	OK
1006	Pawleys Island	SC
1007	Pawtucket	RI
1008	Pearl City	HI
1009	Pearl River	NY
1010	Pearland	TX
1011	Pembroke Pines	FL
1012	Pennsauken	NJ
1013	Pensacola	FL
1014	Peoria	AZ
1015	Peoria	IL
1016	Perham	MN
1017	Perrine	FL
1018	Perris	CA
1019	Petaluma	CA
1020	Petoskey	MI
1021	Pewaukee	WI
1022	Phenix City	AL
1023	Phila	PA
1024	Philadelphia	DE
1025	Philadelphia	PA
1026	Phoenix	AZ
1027	Pico Rivera	CA
1028	Pikesville	MD
1029	Pilot Station	AK
1030	Pine Bluff	AR
1031	Pinellas	FL
1032	Pinewood	SC
1033	Pipe Creek	TX
1034	Piscataway	NJ
1035	Pittsburgh	PA
1036	Pittsfield	MA
1037	Pittston	PA
1038	Pittstown	NY
1039	Plankinton	SD
1040	Plano	TX
1041	Plant City	FL
1042	Plantation	FL
1043	Pleasant Grove	AR
1044	Pleasanton	TX
1045	Pleasantville	NJ
1046	Plevna	MT
1047	Plum Branch	SC
1048	Plymouth	IN
1049	Plymouth	MI
1050	Plymouth	MN
1051	Plymouth	WI
1052	Pocatello	ID
1053	Pokagon	IN
1054	Polk City	FL
1055	Pomona	CA
1056	Pompano Beach	FL
1057	Pontiac	MI
1058	Pooler	GA
1059	Port Huron	MI
1060	Port St. Lucie	FL
1061	Port Washington	NY
1062	Portage	MI
1063	Portland	KY
1064	Portland	ME
1065	Portland	OR
1066	Portland	PA
1067	Portland	WA
1068	Post Falls	ID
1069	Poughkeepsie	NY
1070	Powell	MT
1071	Princess Anne	VA
1072	Princeton	IL
1073	Princeville	IL
1074	Prospect Plains	NJ
1075	Providence	RI
1076	Provo	UT
1077	Pueblo	CO
1078	Pulaski	VA
1079	Punta Gorda	FL
1080	Puyallup	WA
1081	Queens	NY
1082	Quincy	IL
1083	Quincy	MA
1084	Racine	WI
1085	Rahway	NJ
1086	Raleigh	NC
1087	Ramona	CA
1088	Ramsey	NJ
1089	Rancho Cordova	CA
1090	Rancho Cucamonga	CA
1091	Rancho Dominguez	CA
1092	Ranchvale	NM
1093	Rangely	CO
1094	Rapid City	MI
1095	Raytown	MO
1096	Redding	CA
1097	Redfield	SD
1098	Redmond	WA
1099	Redwood City	CA
1100	Reeds Spring	MO
1101	Reno	NV
1102	Renton	WA
1103	Rentz	GA
1104	Republic	MO
1105	Reston	MD
1106	Revere	MA
1107	Rialto	CA
1108	Richardson	TX
1109	Richfield	UT
1110	Richland	OR
1111	Richmond	CA
1112	Richmond	IN
1113	Richmond	VA
1114	Ridgeland	MS
1115	Ridgeland	SC
1116	Rifle	CO
1117	Rio Grande City	TX
1118	Rising Sun	IN
1119	Rittman	OH
1120	Riverside	CA
1121	Roanoke	VA
1122	Rochelle Park	NJ
1123	Rocheport	MO
1124	Rochester	IN
1125	Rochester	MN
1126	Rochester	NY
1127	Rockford	IL
1128	Rocklin	CA
1129	Rockville	MD
1130	Rockville	NE
1131	Rocky Mount	NC
1132	Rogers	AR
1133	Rogue River	OR
1134	Rolla	MO
1135	Rome	GA
1136	Roseboro	NC
1137	Roseburg	OR
1138	Rosenberg	TX
1139	Roseville	CA
1140	Roseville	MI
1141	Rossville	IL
1142	Roswell	NM
1143	Round Rock	TX
1144	Rowan Bay	AK
1145	Roxboro	NC
1146	Roxbury	MA
1147	Royal Oak	MI
1148	Rupert	ID
1149	Russellville	AR
1150	S Boston	MA
1151	Sabinal	TX
1152	Sacramento	CA
1153	Safford	AZ
1154	Saginaw	MI
1155	Saint Albans	WV
1156	Saint Clairsville	OH
1157	Saint Cloud	MN
1158	Saint Louis	IL
1159	Saint Louis	MO
1160	Saint Paul	MN
1161	Saint Petersburg	FL
1162	Salem	OR
1163	Salina	KS
1164	Salinas	CA
1165	Salt Lake City	UT
1166	San Angelo	TX
1167	San Antonio	TX
1168	San Benito	TX
1169	San Bernardino	CA
1170	San Bruno	CA
1171	San Diego	CA
1172	San Francisco	CA
1173	San Geronimo	CA
1174	San Jose	CA
1175	San Leandro	CA
1176	San Luis Obispo	CA
1177	San Marcos	CA
1178	San Marcos	TX
1179	San Martin	CA
1180	San Mateo	CA
1181	San Rafael	CA
1182	Sandy Springs	GA
1183	Sanford	FL
1184	Sanford	TX
1185	Santa Ana	CA
1186	Santa Barbara	CA
1187	Santa Clara	CA
1188	Santa Clarita	CA
1189	Santa Fe Springs	CA
1190	Santa Fe	TX
1191	Santa Maria	CA
1192	Santa Monica	CA
1193	Santa Rosa	CA
1194	Santee	CA
1195	Saranac	NY
1196	Sarasota	FL
1197	Savannah	GA
1198	Savannah	TN
1199	Schaumburg	IL
1200	Schellsburg	PA
1201	Scottsburg	IN
1202	Scottsdale	AZ
1203	Scranton	PA
1204	Seagrove Beach	FL
1205	Seal Beach	CA
1206	Sealy	TX
1207	Seattle	WA
1208	Secaucus	NJ
1209	Severna Park	MD
1210	Sewickley	PA
1211	Sharon	KS
1212	Sharonville	OH
1213	Sheboygan Falls	WI
1214	Sheffield Lake	OH
1215	Shelby	MT
1216	Shelton	WA
1217	Shemya	AK
1218	Sheridan	OR
1219	Sherman Oaks	CA
1220	Shoreview	MN
1221	Shreveport	LA
1222	Shrewsbury	MA
1223	Sikeston	MO
1224	Silver Bay	MN
1225	Silver Spring	MD
1226	Simi Valley	CA
1227	Sinton	TX
1228	Sioux Falls	SD
1229	Sisters	OR
1230	Slidell	LA
1231	Slippery Rock	PA
1232	Smithfield	VA
1233	Smithville	TN
1234	Smyrna	GA
1235	Smyrna	TN
1236	Socorro	NM
1237	Somerset	KY
1238	Soso	MS
1239	South Bend	IN
1240	South Boston	MA
1241	South Burlington	VT
1242	South Canaan	PA
1243	South China	ME
1244	South Gate	CA
1245	South Solon	OH
1246	Southfield	MI
1247	Spanish Fort	AL
1248	Sparks	NV
1249	Spencer	NE
1250	Spokane	WA
1251	Spring Valley	NY
1252	Springdale	AR
1253	Springfield	IL
1254	Springfield	MA
1255	Springfield	MO
1256	Springfield	OR
1257	Springfield	TN
1258	Springfield	VA
1259	St Cloud	MN
1260	St Gabriel	LA
1261	St. Louis	MO
1262	St. Petersburg	FL
1263	Stamford	CT
1264	Stanford	IL
1265	Stanton	TX
1266	Starkville	MS
1267	State College	PA
1268	Staten Island	NY
1269	Statesville	NC
1270	Staunton	VA
1271	Steamboat Springs	CO
1272	Sterling Heights	MI
1273	Stevens Point	WI
1274	Stewartsville	VA
1275	Stlouis	IL
1276	Stlouis	MO
1277	Stockton	CA
1278	Stone Creek	OH
1279	Stone Mountain	GA
1280	Stonewall	TX
1281	Stonewood	WV
1282	Stratton	CO
1283	Streetsboro	OH
1284	Strongsville	OH
1285	Sugar Land	TX
1286	Summerdale	AL
1287	Summit	NJ
1288	Sumner	IL
1289	Sunman	IN
1290	Sunnyvale	CA
1291	Surprise	AZ
1292	Sussex	NJ
1293	Swainsboro	GA
1294	Syracuse	NY
1295	Tacoma	WA
1296	Tallahassee	FL
1297	Tampa	FL
1298	Temecula	CA
1299	Tempe	AZ
1300	Terrell	TX
1301	Teterboro	NJ
1302	Texas City	TX
1303	The Bronx	NY
1304	The Forks	ME
1305	Thornton	CO
1306	Thornville	OH
1307	Thousand Oaks	CA
1308	Tigard	OR
1309	Tipton	KS
1310	Titonka	IA
1311	Toledo	OH
1312	Tolono	IL
1313	Tomball	TX
1314	Topeka	KS
1315	Torrance	CA
1316	Trementina	NM
1317	Tremont	PA
1318	Trenton	NE
1319	Trenton	NC
1320	Trenton	TX
1321	Trimble	MO
1322	Trout Lake	WA
1323	Truman	MN
1324	Tucker	GA
1325	Tucson	AZ
1326	Tukwila	WA
1327	Tulsa	OK
1328	Turtle Creek	PA
1329	Tuscaloosa	AL
1330	Tustin	MI
1331	Tyler	TX
1332	Ukiah	CA
1333	Ulysses	KS
1334	Union City	NJ
1335	Union Grove	NC
1336	Union	KY
1337	University Place	WA
1338	Urbandale	IA
1339	Utica	NY
1340	Vacaville	CA
1341	Vader	WA
1342	Valdosta	GA
1343	Vallejo	CA
1344	Van Meter	IA
1345	Van Nuys	CA
1346	Vancouver	WA
1347	Vandalia	IL
1348	Venice	FL
1349	Ventura	CA
1350	Viburnum	MO
1351	Victoria	MN
1352	Victoria	TX
1353	Victorville	CA
1354	Vidalia	LA
1355	Vincennes	IN
1356	Vineland	NJ
1357	Virginia Beach	VA
1358	Virginia	MN
1359	Visalia	CA
1360	Vista	CA
1361	Wabeno	WI
1362	Waco	TX
1363	Wadena	MN
1364	Wahpeton	MN
1365	Waldorf	MD
1366	Walla Walla	WA
1367	Wallingford	CT
1368	Wallis	TX
1369	Walnut Creek	CA
1370	Walpole	MA
1371	Waltham	MA
1372	Waltonville	IL
1373	Warminster	PA
1374	Warren	MA
1375	Warren	MI
1376	Warren	OH
1377	Warrensburg	IL
1378	Warwick	RI
1379	Washington	DC
1380	Washington	MD
1381	Washington	UT
1382	Washington	VA
1383	Washington	DC
1384	Waterbury	CT
1385	Waubay	SD
1386	Waukegan	IL
1387	Waukesha	WI
1388	Waumandee	WI
1389	Wausau	WI
1390	Wayland	IA
1391	Wayne	NJ
1392	Wayne	PA
1393	Weehawken	NJ
1394	Wenatchee	WA
1395	Weslaco	TX
1396	West Abbeville	SC
1397	West Allis	WI
1398	West Bloomfield	MI
1399	West Covina	CA
1400	West Jordan	UT
1401	West Lebanon	NH
1402	West Nyack	NY
1403	West Palm Beach	FL
1404	West Point	GA
1405	West Roxbury	MA
1406	West Sacramento	CA
1407	West St Paul	MN
1408	West Valley City	UT
1409	Westborough	MA
1410	Westbrook	ME
1411	Westbury	NY
1412	Westerville	OH
1413	Westlake	OH
1414	Westland	MI
1415	Westminster	CO
1416	Westville	FL
1417	Wheaton	IL
1418	Wheeling	IL
1419	Wheeling	WV
1420	Whippany	NJ
1421	White Bluff	TN
1422	White Plains	NY
1423	Whitestone	NY
1424	Whitstran	WA
1425	Whittier	CA
1426	Wichita Falls	TX
1427	Wichita	AR
1428	Wichita	KS
1429	Williams	MN
1430	Williamstown	MO
1431	Willingboro	NJ
1432	Williston	ND
1433	Willmar	MN
1434	Wills Point	TX
1435	Wilmington	DE
1436	Wilmington	NC
1437	Wilmot	SD
1438	Wilsonville	OR
1439	Winchester	KY
1440	Winchester	MA
1441	Winchester	OH
1442	Winchester	VA
1443	Winder	GA
1444	Windsor	CT
1445	Winsted	CT
1446	Winston Salem	NC
1447	Winston–Salem	NC
1448	Winter Haven	FL
1449	Winter Park	FL
1450	Woburn	MA
1451	Wood Dale	IL
1452	Woodbridge	NJ
1453	Woodland	GA
1454	Woodland	ME
1455	Woodlawn	MD
1456	Woodmere	NY
1457	Woodstock	GA
1458	Woonsocket	RI
1459	Worcester	MA
1460	Worland	WY
1461	Worthington	OH
1462	Wyoming	MI
1463	Yakima	WA
1464	Yellow Pine	ID
1465	Yonkers	NY
1466	Yorba Linda	CA
1467	York	PA
1468	Yorktown Heights	NY
1469	Youngstown	OH